1.000000000000000000e+00,2.000000000000000000e+00,5.000000000000000000e+00,0.000000000000000000e+00,3.124220056092963937e-01
1.000000000000000000e+00,1.000000000000000000e+00,3.000000000000000000e+00,1.000000000000000000e+00,7.183319024982906878e-03
1.000000000000000000e+00,1.000000000000000000e+00,8.000000000000000000e+00,0.000000000000000000e+00,9.541904623780608219e-01
1.000000000000000000e+00,2.000000000000000000e+00,2.000000000000000000e+00,1.000000000000000000e+00,9.930539560741450389e-01
1.000000000000000000e+00,2.000000000000000000e+00,8.000000000000000000e+00,0.000000000000000000e+00,9.990469379042633546e-01
1.000000000000000000e+00,1.000000000000000000e+00,4.000000000000000000e+00,0.000000000000000000e+00,9.472683549560497740e-01
1.000000000000000000e+00,1.000000000000000000e+00,3.000000000000000000e+00,1.000000000000000000e+00,9.097272029407956762e-01
1.000000000000000000e+00,2.000000000000000000e+00,3.000000000000000000e+00,1.000000000000000000e+00,9.880533468773855521e-01
1.000000000000000000e+00,1.000000000000000000e+00,9.000000000000000000e+00,0.000000000000000000e+00,9.907754319507122709e-01
1.000000000000000000e+00,2.000000000000000000e+00,5.000000000000000000e+00,0.000000000000000000e+00,8.266817892297546599e-01
1.000000000000000000e+00,1.000000000000000000e+00,1.000000000000000000e+00,1.000000000000000000e+00,2.369176683929652763e-02
1.000000000000000000e+00,2.000000000000000000e+00,6.000000000000000000e+00,0.000000000000000000e+00,7.975966476442786224e-01
1.000000000000000000e+00,1.000000000000000000e+00,5.000000000000000000e+00,1.000000000000000000e+00,4.020491858950382968e-01
1.000000000000000000e+00,2.000000000000000000e+00,5.000000000000000000e+00,0.000000000000000000e+00,3.043016335954693702e-02
1.000000000000000000e+00,1.000000000000000000e+00,6.000000000000000000e+00,0.000000000000000000e+00,1.307917553389879861e-01
1.000000000000000000e+00,2.000000000000000000e+00,7.000000000000000000e+00,0.000000000000000000e+00,6.668423070451576784e-01
1.000000000000000000e+00,1.000000000000000000e+00,7.000000000000000000e+00,0.000000000000000000e+00,9.266624360014464878e-01
1.000000000000000000e+00,1.000000000000000000e+00,6.000000000000000000e+00,0.000000000000000000e+00,5.503275769627181679e-01
1.000000000000000000e+00,2.000000000000000000e+00,5.000000000000000000e+00,0.000000000000000000e+00,8.885259011327421019e-01
1.000000000000000000e+00,1.000000000000000000e+00,2.000000000000000000e+00,1.000000000000000000e+00,2.346743995264360602e-02
1.000000000000000000e+00,2.000000000000000000e+00,6.000000000000000000e+00,0.000000000000000000e+00,1.027527635483154872e-01
1.000000000000000000e+00,1.000000000000000000e+00,5.000000000000000000e+00,0.000000000000000000e+00,3.636954625305140187e-02
1.000000000000000000e+00,2.000000000000000000e+00,5.000000000000000000e+00,nan,3.341814893568246375e-02
1.000000000000000000e+00,2.000000000000000000e+00,9.000000000000000000e+00,0.000000000000000000e+00,9.714792803138841970e-01
1.000000000000000000e+00,1.000000000000000000e+00,8.000000000000000000e+00,0.000000000000000000e+00,9.088103054333285247e-01
1.000000000000000000e+00,2.000000000000000000e+00,8.000000000000000000e+00,0.000000000000000000e+00,2.401784719225500131e-01
1.000000000000000000e+00,1.000000000000000000e+00,6.000000000000000000e+00,0.000000000000000000e+00,4.873844792801534931e-03
1.000000000000000000e+00,1.000000000000000000e+00,8.000000000000000000e+00,0.000000000000000000e+00,2.270476854168495488e-03
1.000000000000000000e+00,1.000000000000000000e+00,6.000000000000000000e+00,0.000000000000000000e+00,4.437884614992902016e-02
1.000000000000000000e+00,2.000000000000000000e+00,4.000000000000000000e+00,0.000000000000000000e+00,1.771231315221785327e-02
1.000000000000000000e+00,1.000000000000000000e+00,6.000000000000000000e+00,0.000000000000000000e+00,3.586084841066248252e-01
1.000000000000000000e+00,2.000000000000000000e+00,3.000000000000000000e+00,1.000000000000000000e+00,2.022500506355231209e-01
1.000000000000000000e+00,2.000000000000000000e+00,4.000000000000000000e+00,1.000000000000000000e+00,1.738369471213927209e-01
1.000000000000000000e+00,1.000000000000000000e+00,5.000000000000000000e+00,0.000000000000000000e+00,1.723240658033269312e-01
1.000000000000000000e+00,1.000000000000000000e+00,7.000000000000000000e+00,0.000000000000000000e+00,3.864108503767247349e-01
1.000000000000000000e+00,1.000000000000000000e+00,4.000000000000000000e+00,0.000000000000000000e+00,3.896271295470348783e-01
1.000000000000000000e+00,2.000000000000000000e+00,7.000000000000000000e+00,0.000000000000000000e+00,8.290161275125094154e-01
1.000000000000000000e+00,2.000000000000000000e+00,2.000000000000000000e+00,1.000000000000000000e+00,8.399895782859440052e-01
1.000000000000000000e+00,2.000000000000000000e+00,6.000000000000000000e+00,0.000000000000000000e+00,9.412790780304602922e-01
1.000000000000000000e+00,1.000000000000000000e+00,7.000000000000000000e+00,0.000000000000000000e+00,9.788554505442236264e-01
2.000000000000000000e+00,1.000000000000000000e+00,5.000000000000000000e+00,0.000000000000000000e+00,4.665339091479783762e-01
2.000000000000000000e+00,2.000000000000000000e+00,5.000000000000000000e+00,0.000000000000000000e+00,2.083203589744855311e-01
2.000000000000000000e+00,1.000000000000000000e+00,5.000000000000000000e+00,0.000000000000000000e+00,1.193850407940114100e-01
2.000000000000000000e+00,2.000000000000000000e+00,3.000000000000000000e+00,1.000000000000000000e+00,7.303821319934076239e-01
2.000000000000000000e+00,2.000000000000000000e+00,6.000000000000000000e+00,0.000000000000000000e+00,5.476052101394479621e-01
2.000000000000000000e+00,2.000000000000000000e+00,6.000000000000000000e+00,0.000000000000000000e+00,3.220243691656394791e-01
2.000000000000000000e+00,1.000000000000000000e+00,3.000000000000000000e+00,1.000000000000000000e+00,7.892457142516469126e-01
2.000000000000000000e+00,2.000000000000000000e+00,8.000000000000000000e+00,0.000000000000000000e+00,9.553130728199135668e-02
2.000000000000000000e+00,2.000000000000000000e+00,1.000000000000000000e+00,1.000000000000000000e+00,7.802080855915259107e-03
2.000000000000000000e+00,2.000000000000000000e+00,7.000000000000000000e+00,0.000000000000000000e+00,8.934245092547508094e-01
2.000000000000000000e+00,1.000000000000000000e+00,6.000000000000000000e+00,0.000000000000000000e+00,4.916872183739687818e-01
2.000000000000000000e+00,1.000000000000000000e+00,9.000000000000000000e+00,0.000000000000000000e+00,9.973477950792430935e-01
2.000000000000000000e+00,2.000000000000000000e+00,5.000000000000000000e+00,0.000000000000000000e+00,3.245080924523993660e-01
2.000000000000000000e+00,1.000000000000000000e+00,6.000000000000000000e+00,0.000000000000000000e+00,8.855474783723775722e-01
2.000000000000000000e+00,2.000000000000000000e+00,7.000000000000000000e+00,0.000000000000000000e+00,2.124393823121923514e-02
2.000000000000000000e+00,1.000000000000000000e+00,3.000000000000000000e+00,0.000000000000000000e+00,3.168744686219119450e-02
2.000000000000000000e+00,2.000000000000000000e+00,5.000000000000000000e+00,0.000000000000000000e+00,9.076459068034279376e-01
2.000000000000000000e+00,2.000000000000000000e+00,4.000000000000000000e+00,1.000000000000000000e+00,1.166324144255098949e-01
2.000000000000000000e+00,2.000000000000000000e+00,5.000000000000000000e+00,0.000000000000000000e+00,1.645263557155448864e-01
2.000000000000000000e+00,2.000000000000000000e+00,6.000000000000000000e+00,0.000000000000000000e+00,7.039297752946929165e-01
2.000000000000000000e+00,2.000000000000000000e+00,8.000000000000000000e+00,0.000000000000000000e+00,9.334807541830955069e-01
2.000000000000000000e+00,2.000000000000000000e+00,6.000000000000000000e+00,0.000000000000000000e+00,8.861733687938913029e-01
2.000000000000000000e+00,2.000000000000000000e+00,5.000000000000000000e+00,1.000000000000000000e+00,3.228850220482552824e-02
2.000000000000000000e+00,1.000000000000000000e+00,3.000000000000000000e+00,0.000000000000000000e+00,7.573984523972408789e-02
2.000000000000000000e+00,1.000000000000000000e+00,5.000000000000000000e+00,1.000000000000000000e+00,4.173329618045840683e-01
2.000000000000000000e+00,2.000000000000000000e+00,2.000000000000000000e+00,1.000000000000000000e+00,7.720061146056714785e-01
2.000000000000000000e+00,2.000000000000000000e+00,9.000000000000000000e+00,0.000000000000000000e+00,9.250546080751507194e-01
2.000000000000000000e+00,1.000000000000000000e+00,4.000000000000000000e+00,0.000000000000000000e+00,9.647480236179244439e-01
2.000000000000000000e+00,2.000000000000000000e+00,3.000000000000000000e+00,1.000000000000000000e+00,9.735995302145626917e-01
2.000000000000000000e+00,1.000000000000000000e+00,2.000000000000000000e+00,1.000000000000000000e+00,8.527621671912783974e-01
2.000000000000000000e+00,2.000000000000000000e+00,3.000000000000000000e+00,1.000000000000000000e+00,1.737812608009341869e-02
2.000000000000000000e+00,1.000000000000000000e+00,5.000000000000000000e+00,0.000000000000000000e+00,9.760393795176864895e-01
2.000000000000000000e+00,2.000000000000000000e+00,5.000000000000000000e+00,0.000000000000000000e+00,3.143857129407265361e-01
2.000000000000000000e+00,1.000000000000000000e+00,2.000000000000000000e+00,1.000000000000000000e+00,2.302759963902965834e-03
2.000000000000000000e+00,2.000000000000000000e+00,5.000000000000000000e+00,0.000000000000000000e+00,7.795821225273598110e-01
2.000000000000000000e+00,1.000000000000000000e+00,5.000000000000000000e+00,0.000000000000000000e+00,8.097326802720639094e-01
2.000000000000000000e+00,1.000000000000000000e+00,5.000000000000000000e+00,0.000000000000000000e+00,5.634639109811696578e-01
2.000000000000000000e+00,1.000000000000000000e+00,4.000000000000000000e+00,0.000000000000000000e+00,1.243679287260665289e-01
2.000000000000000000e+00,1.000000000000000000e+00,6.000000000000000000e+00,0.000000000000000000e+00,7.329377502910382480e-01
2.000000000000000000e+00,1.000000000000000000e+00,4.000000000000000000e+00,0.000000000000000000e+00,8.175937927568988073e-01
1.000000000000000000e+00,2.000000000000000000e+00,6.000000000000000000e+00,0.000000000000000000e+00,5.138777999968084931e-01
1.000000000000000000e+00,1.000000000000000000e+00,4.000000000000000000e+00,0.000000000000000000e+00,1.337976109730305285e-01
1.000000000000000000e+00,1.000000000000000000e+00,5.000000000000000000e+00,0.000000000000000000e+00,3.066196688087252098e-01
1.000000000000000000e+00,2.000000000000000000e+00,7.000000000000000000e+00,0.000000000000000000e+00,9.216867221162777790e-01
1.000000000000000000e+00,2.000000000000000000e+00,5.000000000000000000e+00,0.000000000000000000e+00,3.284544748632940991e-01
1.000000000000000000e+00,2.000000000000000000e+00,5.000000000000000000e+00,0.000000000000000000e+00,2.109083506565584687e-01
1.000000000000000000e+00,2.000000000000000000e+00,4.000000000000000000e+00,1.000000000000000000e+00,3.009072547487796623e-01
1.000000000000000000e+00,1.000000000000000000e+00,4.000000000000000000e+00,1.000000000000000000e+00,7.866387231936161628e-01
1.000000000000000000e+00,2.000000000000000000e+00,1.000000000000000000e+00,1.000000000000000000e+00,7.426470867562358878e-03
1.000000000000000000e+00,1.000000000000000000e+00,6.000000000000000000e+00,0.000000000000000000e+00,9.738211200845866555e-01
1.000000000000000000e+00,2.000000000000000000e+00,6.000000000000000000e+00,0.000000000000000000e+00,6.206314856033551264e-01
1.000000000000000000e+00,1.000000000000000000e+00,5.000000000000000000e+00,0.000000000000000000e+00,9.317191716567154725e-01
1.000000000000000000e+00,2.000000000000000000e+00,3.000000000000000000e+00,1.000000000000000000e+00,7.704850510259027285e-02
1.000000000000000000e+00,1.000000000000000000e+00,3.000000000000000000e+00,1.000000000000000000e+00,7.917149290042399534e-02
1.000000000000000000e+00,2.000000000000000000e+00,4.000000000000000000e+00,0.000000000000000000e+00,5.812085463614599101e-01
1.000000000000000000e+00,2.000000000000000000e+00,4.000000000000000000e+00,1.000000000000000000e+00,4.560850537137523530e-01
1.000000000000000000e+00,2.000000000000000000e+00,6.000000000000000000e+00,0.000000000000000000e+00,1.656339875038994325e-01
1.000000000000000000e+00,1.000000000000000000e+00,6.000000000000000000e+00,0.000000000000000000e+00,9.741229274037109809e-01
1.000000000000000000e+00,2.000000000000000000e+00,3.000000000000000000e+00,1.000000000000000000e+00,9.017393239062235569e-03
1.000000000000000000e+00,1.000000000000000000e+00,4.000000000000000000e+00,1.000000000000000000e+00,2.787662360411524622e-03
1.000000000000000000e+00,2.000000000000000000e+00,3.000000000000000000e+00,1.000000000000000000e+00,5.240647777410211913e-03
1.000000000000000000e+00,2.000000000000000000e+00,4.000000000000000000e+00,1.000000000000000000e+00,1.485753019664017363e-02
1.000000000000000000e+00,2.000000000000000000e+00,7.000000000000000000e+00,0.000000000000000000e+00,5.923866624953584292e-01
1.000000000000000000e+00,2.000000000000000000e+00,5.000000000000000000e+00,0.000000000000000000e+00,4.071612422062725889e-02
1.000000000000000000e+00,1.000000000000000000e+00,3.000000000000000000e+00,1.000000000000000000e+00,7.064021812096556996e-01
1.000000000000000000e+00,1.000000000000000000e+00,4.000000000000000000e+00,0.000000000000000000e+00,7.673365203575502891e-01
1.000000000000000000e+00,1.000000000000000000e+00,4.000000000000000000e+00,1.000000000000000000e+00,3.971168764490282110e-01
1.000000000000000000e+00,2.000000000000000000e+00,4.000000000000000000e+00,0.000000000000000000e+00,9.758353752448583052e-01
1.000000000000000000e+00,1.000000000000000000e+00,5.000000000000000000e+00,0.000000000000000000e+00,2.326483555514967938e-01
1.000000000000000000e+00,2.000000000000000000e+00,8.000000000000000000e+00,0.000000000000000000e+00,9.988756772467176637e-01
1.000000000000000000e+00,2.000000000000000000e+00,7.000000000000000000e+00,0.000000000000000000e+00,5.587399602745791727e-01
1.000000000000000000e+00,1.000000000000000000e+00,2.000000000000000000e+00,1.000000000000000000e+00,9.957010805798999220e-02
1.000000000000000000e+00,1.000000000000000000e+00,7.000000000000000000e+00,0.000000000000000000e+00,9.765018579838102841e-01
1.000000000000000000e+00,1.000000000000000000e+00,5.000000000000000000e+00,0.000000000000000000e+00,9.028867608724752136e-01
1.000000000000000000e+00,1.000000000000000000e+00,7.000000000000000000e+00,0.000000000000000000e+00,9.604682179407139087e-01
1.000000000000000000e+00,1.000000000000000000e+00,5.000000000000000000e+00,0.000000000000000000e+00,6.421846156213580903e-01
1.000000000000000000e+00,1.000000000000000000e+00,2.000000000000000000e+00,1.000000000000000000e+00,2.963164170258585361e-01
1.000000000000000000e+00,2.000000000000000000e+00,6.000000000000000000e+00,0.000000000000000000e+00,9.136194805884804149e-01
1.000000000000000000e+00,1.000000000000000000e+00,3.000000000000000000e+00,1.000000000000000000e+00,9.636199994099160504e-01
1.000000000000000000e+00,2.000000000000000000e+00,2.000000000000000000e+00,1.000000000000000000e+00,8.811662466715501907e-01
2.000000000000000000e+00,1.000000000000000000e+00,3.000000000000000000e+00,1.000000000000000000e+00,3.074286324192548325e-01
2.000000000000000000e+00,2.000000000000000000e+00,7.000000000000000000e+00,0.000000000000000000e+00,4.368835782729902500e-02
2.000000000000000000e+00,1.000000000000000000e+00,4.000000000000000000e+00,0.000000000000000000e+00,3.224581859764561464e-01
2.000000000000000000e+00,1.000000000000000000e+00,8.000000000000000000e+00,0.000000000000000000e+00,7.691911086425171629e-01
2.000000000000000000e+00,2.000000000000000000e+00,6.000000000000000000e+00,0.000000000000000000e+00,7.242564288140919126e-01
2.000000000000000000e+00,2.000000000000000000e+00,4.000000000000000000e+00,1.000000000000000000e+00,1.340798867021459340e-01
2.000000000000000000e+00,2.000000000000000000e+00,4.000000000000000000e+00,1.000000000000000000e+00,5.020421981691279845e-01
2.000000000000000000e+00,1.000000000000000000e+00,7.000000000000000000e+00,0.000000000000000000e+00,9.977206015223683000e-01
2.000000000000000000e+00,1.000000000000000000e+00,6.000000000000000000e+00,0.000000000000000000e+00,9.739726005360562766e-01
2.000000000000000000e+00,1.000000000000000000e+00,4.000000000000000000e+00,0.000000000000000000e+00,8.649004293317934522e-01
2.000000000000000000e+00,1.000000000000000000e+00,3.000000000000000000e+00,1.000000000000000000e+00,6.263206002087785551e-01
2.000000000000000000e+00,2.000000000000000000e+00,3.000000000000000000e+00,1.000000000000000000e+00,8.021852449104168725e-01
2.000000000000000000e+00,1.000000000000000000e+00,5.000000000000000000e+00,0.000000000000000000e+00,6.800204811145973416e-01
2.000000000000000000e+00,2.000000000000000000e+00,4.000000000000000000e+00,1.000000000000000000e+00,8.372855144838641239e-01
2.000000000000000000e+00,2.000000000000000000e+00,4.000000000000000000e+00,1.000000000000000000e+00,9.658740680972915937e-01
2.000000000000000000e+00,1.000000000000000000e+00,7.000000000000000000e+00,0.000000000000000000e+00,1.246198550269353028e-01
2.000000000000000000e+00,1.000000000000000000e+00,6.000000000000000000e+00,0.000000000000000000e+00,2.391231619650477022e-02
2.000000000000000000e+00,1.000000000000000000e+00,8.000000000000000000e+00,0.000000000000000000e+00,3.207562510181888871e-01
2.000000000000000000e+00,2.000000000000000000e+00,3.000000000000000000e+00,1.000000000000000000e+00,2.011339837081772552e-01
2.000000000000000000e+00,1.000000000000000000e+00,6.000000000000000000e+00,0.000000000000000000e+00,6.903881833580229055e-02
2.000000000000000000e+00,2.000000000000000000e+00,7.000000000000000000e+00,0.000000000000000000e+00,7.650878245363003372e-02
2.000000000000000000e+00,2.000000000000000000e+00,2.000000000000000000e+00,1.000000000000000000e+00,2.749002872624380783e-02
2.000000000000000000e+00,1.000000000000000000e+00,7.000000000000000000e+00,0.000000000000000000e+00,3.511458693900249561e-01
2.000000000000000000e+00,1.000000000000000000e+00,1.000000000000000000e+00,1.000000000000000000e+00,5.041582848139778555e-02
2.000000000000000000e+00,1.000000000000000000e+00,8.000000000000000000e+00,0.000000000000000000e+00,5.876024507628219845e-02
2.000000000000000000e+00,2.000000000000000000e+00,4.000000000000000000e+00,1.000000000000000000e+00,7.520000156779218514e-01
2.000000000000000000e+00,2.000000000000000000e+00,8.000000000000000000e+00,0.000000000000000000e+00,9.583891457214895881e-01
2.000000000000000000e+00,2.000000000000000000e+00,6.000000000000000000e+00,0.000000000000000000e+00,9.346979552998743168e-01
2.000000000000000000e+00,2.000000000000000000e+00,6.000000000000000000e+00,0.000000000000000000e+00,6.302453936423442205e-01
2.000000000000000000e+00,1.000000000000000000e+00,4.000000000000000000e+00,0.000000000000000000e+00,6.553309548417919350e-01
2.000000000000000000e+00,1.000000000000000000e+00,5.000000000000000000e+00,0.000000000000000000e+00,9.711408828470958765e-01
2.000000000000000000e+00,1.000000000000000000e+00,6.000000000000000000e+00,0.000000000000000000e+00,5.800597404348127595e-02
2.000000000000000000e+00,1.000000000000000000e+00,2.000000000000000000e+00,1.000000000000000000e+00,1.098855753593539972e-02
2.000000000000000000e+00,1.000000000000000000e+00,4.000000000000000000e+00,0.000000000000000000e+00,2.664361882246428781e-01
2.000000000000000000e+00,1.000000000000000000e+00,7.000000000000000000e+00,0.000000000000000000e+00,5.039336519206688569e-01
2.000000000000000000e+00,2.000000000000000000e+00,4.000000000000000000e+00,0.000000000000000000e+00,7.343722021018648238e-01
2.000000000000000000e+00,2.000000000000000000e+00,5.000000000000000000e+00,1.000000000000000000e+00,4.160613996379957658e-01
2.000000000000000000e+00,1.000000000000000000e+00,7.000000000000000000e+00,0.000000000000000000e+00,9.054711218318269861e-01
2.000000000000000000e+00,2.000000000000000000e+00,2.000000000000000000e+00,1.000000000000000000e+00,2.608398430727896788e-01
2.000000000000000000e+00,2.000000000000000000e+00,7.000000000000000000e+00,0.000000000000000000e+00,9.355727674639506830e-01
