1.000000000000000000e+00,2.000000000000000000e+00,4.000000000000000000e+00,1.000000000000000000e+00,2.102170601965238153e-02
1.000000000000000000e+00,2.000000000000000000e+00,7.000000000000000000e+00,0.000000000000000000e+00,3.626322404827365675e-01
1.000000000000000000e+00,2.000000000000000000e+00,4.000000000000000000e+00,1.000000000000000000e+00,5.272763422443712544e-01
1.000000000000000000e+00,1.000000000000000000e+00,1.000000000000000000e+00,1.000000000000000000e+00,4.147867681155411115e-03
1.000000000000000000e+00,1.000000000000000000e+00,4.000000000000000000e+00,1.000000000000000000e+00,1.767420681081727785e-01
1.000000000000000000e+00,1.000000000000000000e+00,5.000000000000000000e+00,1.000000000000000000e+00,1.974269262222019816e-01
1.000000000000000000e+00,2.000000000000000000e+00,9.000000000000000000e+00,0.000000000000000000e+00,9.999015122311382120e-01
1.000000000000000000e+00,1.000000000000000000e+00,3.000000000000000000e+00,1.000000000000000000e+00,5.157871568395841488e-02
1.000000000000000000e+00,2.000000000000000000e+00,7.000000000000000000e+00,0.000000000000000000e+00,6.367026491977280100e-01
1.000000000000000000e+00,1.000000000000000000e+00,5.000000000000000000e+00,0.000000000000000000e+00,1.683470436467948139e-01
1.000000000000000000e+00,1.000000000000000000e+00,6.000000000000000000e+00,0.000000000000000000e+00,2.105612669081768085e-01
1.000000000000000000e+00,2.000000000000000000e+00,3.000000000000000000e+00,1.000000000000000000e+00,2.058671261760343374e-01
1.000000000000000000e+00,1.000000000000000000e+00,2.000000000000000000e+00,1.000000000000000000e+00,8.543899761810985760e-02
1.000000000000000000e+00,2.000000000000000000e+00,8.000000000000000000e+00,0.000000000000000000e+00,8.410060433475669006e-01
1.000000000000000000e+00,1.000000000000000000e+00,6.000000000000000000e+00,1.000000000000000000e+00,1.820068298643787719e-01
1.000000000000000000e+00,2.000000000000000000e+00,8.000000000000000000e+00,0.000000000000000000e+00,9.901226970930845361e-01
1.000000000000000000e+00,1.000000000000000000e+00,2.000000000000000000e+00,1.000000000000000000e+00,3.779592099246715242e-01
1.000000000000000000e+00,2.000000000000000000e+00,3.000000000000000000e+00,1.000000000000000000e+00,7.945131425675533432e-02
1.000000000000000000e+00,2.000000000000000000e+00,5.000000000000000000e+00,0.000000000000000000e+00,1.092367740225321654e-02
1.000000000000000000e+00,2.000000000000000000e+00,5.000000000000000000e+00,1.000000000000000000e+00,1.139321981085658908e-01
1.000000000000000000e+00,1.000000000000000000e+00,4.000000000000000000e+00,1.000000000000000000e+00,9.923334294828966007e-01
1.000000000000000000e+00,2.000000000000000000e+00,4.000000000000000000e+00,1.000000000000000000e+00,2.482653823995777664e-01
1.000000000000000000e+00,2.000000000000000000e+00,6.000000000000000000e+00,0.000000000000000000e+00,9.719724316285299759e-01
1.000000000000000000e+00,2.000000000000000000e+00,2.000000000000000000e+00,1.000000000000000000e+00,5.237709301710853464e-03
1.000000000000000000e+00,1.000000000000000000e+00,3.000000000000000000e+00,1.000000000000000000e+00,3.657675150573389544e-01
1.000000000000000000e+00,1.000000000000000000e+00,5.000000000000000000e+00,0.000000000000000000e+00,2.077678604369157245e-01
1.000000000000000000e+00,1.000000000000000000e+00,6.000000000000000000e+00,0.000000000000000000e+00,9.845463592230782046e-01
1.000000000000000000e+00,2.000000000000000000e+00,2.000000000000000000e+00,1.000000000000000000e+00,1.739236736485224311e-01
1.000000000000000000e+00,2.000000000000000000e+00,7.000000000000000000e+00,0.000000000000000000e+00,4.638165468235787570e-01
1.000000000000000000e+00,2.000000000000000000e+00,5.000000000000000000e+00,0.000000000000000000e+00,9.702181277126523673e-01
1.000000000000000000e+00,1.000000000000000000e+00,3.000000000000000000e+00,1.000000000000000000e+00,5.238579629728892240e-01
1.000000000000000000e+00,1.000000000000000000e+00,4.000000000000000000e+00,1.000000000000000000e+00,2.706228458640059786e-01
1.000000000000000000e+00,1.000000000000000000e+00,3.000000000000000000e+00,1.000000000000000000e+00,4.995892807465617258e-01
1.000000000000000000e+00,2.000000000000000000e+00,6.000000000000000000e+00,1.000000000000000000e+00,9.438166456334758925e-01
1.000000000000000000e+00,2.000000000000000000e+00,4.000000000000000000e+00,1.000000000000000000e+00,1.860258298313129388e-01
1.000000000000000000e+00,2.000000000000000000e+00,6.000000000000000000e+00,0.000000000000000000e+00,9.297020162640127205e-01
1.000000000000000000e+00,1.000000000000000000e+00,7.000000000000000000e+00,0.000000000000000000e+00,7.955827126536915150e-01
1.000000000000000000e+00,1.000000000000000000e+00,5.000000000000000000e+00,1.000000000000000000e+00,1.689141479001751156e-01
1.000000000000000000e+00,1.000000000000000000e+00,7.000000000000000000e+00,0.000000000000000000e+00,9.947249027407846222e-01
1.000000000000000000e+00,1.000000000000000000e+00,7.000000000000000000e+00,0.000000000000000000e+00,9.561160748702904888e-01
2.000000000000000000e+00,1.000000000000000000e+00,6.000000000000000000e+00,0.000000000000000000e+00,9.235766025372931232e-01
2.000000000000000000e+00,1.000000000000000000e+00,5.000000000000000000e+00,1.000000000000000000e+00,3.636250464852917169e-02
2.000000000000000000e+00,1.000000000000000000e+00,4.000000000000000000e+00,1.000000000000000000e+00,4.672646411503579393e-03
2.000000000000000000e+00,1.000000000000000000e+00,5.000000000000000000e+00,1.000000000000000000e+00,2.239515243078935968e-03
2.000000000000000000e+00,2.000000000000000000e+00,7.000000000000000000e+00,0.000000000000000000e+00,6.234877464721032547e-01
2.000000000000000000e+00,2.000000000000000000e+00,4.000000000000000000e+00,1.000000000000000000e+00,1.320030320257406242e-01
2.000000000000000000e+00,1.000000000000000000e+00,5.000000000000000000e+00,0.000000000000000000e+00,9.849577294892449819e-01
2.000000000000000000e+00,2.000000000000000000e+00,4.000000000000000000e+00,1.000000000000000000e+00,2.840153555751325776e-01
2.000000000000000000e+00,1.000000000000000000e+00,6.000000000000000000e+00,0.000000000000000000e+00,9.669301411986052086e-01
2.000000000000000000e+00,2.000000000000000000e+00,8.000000000000000000e+00,0.000000000000000000e+00,3.982131307078375371e-01
2.000000000000000000e+00,1.000000000000000000e+00,4.000000000000000000e+00,1.000000000000000000e+00,4.274174719795815203e-01
2.000000000000000000e+00,1.000000000000000000e+00,5.000000000000000000e+00,1.000000000000000000e+00,2.856036488635253501e-01
2.000000000000000000e+00,2.000000000000000000e+00,6.000000000000000000e+00,0.000000000000000000e+00,2.337839760459926031e-01
2.000000000000000000e+00,2.000000000000000000e+00,1.000000000000000000e+00,1.000000000000000000e+00,3.777932002124556512e-03
2.000000000000000000e+00,2.000000000000000000e+00,7.000000000000000000e+00,0.000000000000000000e+00,6.589485453939034620e-01
2.000000000000000000e+00,2.000000000000000000e+00,6.000000000000000000e+00,0.000000000000000000e+00,7.370367379423883314e-01
2.000000000000000000e+00,1.000000000000000000e+00,9.000000000000000000e+00,0.000000000000000000e+00,9.999502290123228887e-01
2.000000000000000000e+00,2.000000000000000000e+00,5.000000000000000000e+00,0.000000000000000000e+00,9.971082971080562629e-01
2.000000000000000000e+00,2.000000000000000000e+00,3.000000000000000000e+00,1.000000000000000000e+00,7.976023519819382956e-01
2.000000000000000000e+00,1.000000000000000000e+00,2.000000000000000000e+00,1.000000000000000000e+00,6.944281471402710681e-02
2.000000000000000000e+00,2.000000000000000000e+00,5.000000000000000000e+00,1.000000000000000000e+00,9.967414325311607648e-01
2.000000000000000000e+00,1.000000000000000000e+00,6.000000000000000000e+00,0.000000000000000000e+00,9.907568034624784081e-01
2.000000000000000000e+00,2.000000000000000000e+00,3.000000000000000000e+00,1.000000000000000000e+00,7.641992197372492468e-01
2.000000000000000000e+00,2.000000000000000000e+00,5.000000000000000000e+00,0.000000000000000000e+00,5.896760759463334223e-01
2.000000000000000000e+00,2.000000000000000000e+00,3.000000000000000000e+00,1.000000000000000000e+00,3.795896772059356716e-01
2.000000000000000000e+00,2.000000000000000000e+00,5.000000000000000000e+00,0.000000000000000000e+00,6.888249209748393831e-01
2.000000000000000000e+00,1.000000000000000000e+00,4.000000000000000000e+00,1.000000000000000000e+00,1.004681263340892611e-01
2.000000000000000000e+00,1.000000000000000000e+00,3.000000000000000000e+00,1.000000000000000000e+00,5.295499092635638783e-02
2.000000000000000000e+00,1.000000000000000000e+00,5.000000000000000000e+00,0.000000000000000000e+00,6.829126498900817133e-02
2.000000000000000000e+00,1.000000000000000000e+00,5.000000000000000000e+00,1.000000000000000000e+00,6.085696059401096703e-02
2.000000000000000000e+00,1.000000000000000000e+00,8.000000000000000000e+00,0.000000000000000000e+00,8.278924179988417231e-01
2.000000000000000000e+00,1.000000000000000000e+00,6.000000000000000000e+00,0.000000000000000000e+00,1.551570708887240468e-01
2.000000000000000000e+00,1.000000000000000000e+00,2.000000000000000000e+00,1.000000000000000000e+00,8.024440556531802216e-01
2.000000000000000000e+00,2.000000000000000000e+00,6.000000000000000000e+00,1.000000000000000000e+00,5.541864736713834061e-01
2.000000000000000000e+00,1.000000000000000000e+00,3.000000000000000000e+00,1.000000000000000000e+00,3.247294815347130381e-01
2.000000000000000000e+00,2.000000000000000000e+00,4.000000000000000000e+00,1.000000000000000000e+00,1.432725659517818280e-02
2.000000000000000000e+00,1.000000000000000000e+00,8.000000000000000000e+00,0.000000000000000000e+00,7.254776077166295023e-01
2.000000000000000000e+00,2.000000000000000000e+00,4.000000000000000000e+00,1.000000000000000000e+00,2.985764400979390998e-01
2.000000000000000000e+00,1.000000000000000000e+00,6.000000000000000000e+00,0.000000000000000000e+00,5.445903979228455816e-01
2.000000000000000000e+00,1.000000000000000000e+00,3.000000000000000000e+00,1.000000000000000000e+00,6.265140173616574604e-01
1.000000000000000000e+00,1.000000000000000000e+00,5.000000000000000000e+00,1.000000000000000000e+00,1.644146786907184909e-01
1.000000000000000000e+00,2.000000000000000000e+00,7.000000000000000000e+00,0.000000000000000000e+00,6.971815086584117749e-01
1.000000000000000000e+00,2.000000000000000000e+00,5.000000000000000000e+00,1.000000000000000000e+00,2.210328813270491244e-01
1.000000000000000000e+00,1.000000000000000000e+00,5.000000000000000000e+00,1.000000000000000000e+00,2.827048762520282255e-01
1.000000000000000000e+00,2.000000000000000000e+00,1.000000000000000000e+00,1.000000000000000000e+00,6.346277054186158506e-02
1.000000000000000000e+00,1.000000000000000000e+00,6.000000000000000000e+00,0.000000000000000000e+00,3.756356857406387140e-01
1.000000000000000000e+00,1.000000000000000000e+00,3.000000000000000000e+00,1.000000000000000000e+00,9.702022583754210672e-01
1.000000000000000000e+00,2.000000000000000000e+00,5.000000000000000000e+00,0.000000000000000000e+00,8.411370926089876132e-01
1.000000000000000000e+00,2.000000000000000000e+00,6.000000000000000000e+00,0.000000000000000000e+00,3.382330785176909660e-01
1.000000000000000000e+00,2.000000000000000000e+00,4.000000000000000000e+00,1.000000000000000000e+00,4.278561373071892437e-01
1.000000000000000000e+00,2.000000000000000000e+00,3.000000000000000000e+00,1.000000000000000000e+00,2.258704269726975467e-01
1.000000000000000000e+00,1.000000000000000000e+00,5.000000000000000000e+00,0.000000000000000000e+00,3.092961749791908188e-01
1.000000000000000000e+00,1.000000000000000000e+00,2.000000000000000000e+00,1.000000000000000000e+00,3.692341279628331974e-02
1.000000000000000000e+00,2.000000000000000000e+00,7.000000000000000000e+00,0.000000000000000000e+00,8.682914413661716457e-01
1.000000000000000000e+00,1.000000000000000000e+00,4.000000000000000000e+00,1.000000000000000000e+00,2.736664695161247218e-01
1.000000000000000000e+00,1.000000000000000000e+00,9.000000000000000000e+00,0.000000000000000000e+00,9.999758155698144080e-01
1.000000000000000000e+00,2.000000000000000000e+00,6.000000000000000000e+00,0.000000000000000000e+00,7.667514963667585448e-01
1.000000000000000000e+00,1.000000000000000000e+00,8.000000000000000000e+00,0.000000000000000000e+00,1.247443655686114872e-01
1.000000000000000000e+00,2.000000000000000000e+00,6.000000000000000000e+00,0.000000000000000000e+00,6.144600061363235666e-01
1.000000000000000000e+00,1.000000000000000000e+00,8.000000000000000000e+00,0.000000000000000000e+00,7.512570026260884104e-01
1.000000000000000000e+00,2.000000000000000000e+00,4.000000000000000000e+00,1.000000000000000000e+00,3.667508505066073288e-01
1.000000000000000000e+00,2.000000000000000000e+00,5.000000000000000000e+00,0.000000000000000000e+00,7.655580192306245257e-02
1.000000000000000000e+00,1.000000000000000000e+00,7.000000000000000000e+00,0.000000000000000000e+00,9.259473695331064125e-01
1.000000000000000000e+00,2.000000000000000000e+00,5.000000000000000000e+00,1.000000000000000000e+00,6.790652304811468642e-01
1.000000000000000000e+00,1.000000000000000000e+00,8.000000000000000000e+00,0.000000000000000000e+00,6.763926008504300702e-01
1.000000000000000000e+00,1.000000000000000000e+00,4.000000000000000000e+00,1.000000000000000000e+00,2.747676191613553365e-01
1.000000000000000000e+00,2.000000000000000000e+00,8.000000000000000000e+00,0.000000000000000000e+00,3.027515383047740816e-01
1.000000000000000000e+00,1.000000000000000000e+00,7.000000000000000000e+00,1.000000000000000000e+00,7.299021069161448425e-03
1.000000000000000000e+00,2.000000000000000000e+00,4.000000000000000000e+00,1.000000000000000000e+00,9.906914758293706713e-01
1.000000000000000000e+00,2.000000000000000000e+00,6.000000000000000000e+00,0.000000000000000000e+00,9.452775388882224128e-01
1.000000000000000000e+00,1.000000000000000000e+00,5.000000000000000000e+00,nan,1.503340598631320024e-01
1.000000000000000000e+00,2.000000000000000000e+00,5.000000000000000000e+00,0.000000000000000000e+00,8.377546950822001293e-02
1.000000000000000000e+00,1.000000000000000000e+00,4.000000000000000000e+00,1.000000000000000000e+00,1.913602752503374693e-01
1.000000000000000000e+00,1.000000000000000000e+00,6.000000000000000000e+00,0.000000000000000000e+00,6.926914364770571098e-01
1.000000000000000000e+00,1.000000000000000000e+00,6.000000000000000000e+00,0.000000000000000000e+00,3.692058964380637853e-01
1.000000000000000000e+00,2.000000000000000000e+00,3.000000000000000000e+00,1.000000000000000000e+00,1.650638430307166948e-01
1.000000000000000000e+00,2.000000000000000000e+00,2.000000000000000000e+00,1.000000000000000000e+00,6.377280712350018588e-01
1.000000000000000000e+00,1.000000000000000000e+00,4.000000000000000000e+00,0.000000000000000000e+00,8.633736544911186916e-01
1.000000000000000000e+00,1.000000000000000000e+00,6.000000000000000000e+00,0.000000000000000000e+00,6.375020461351600387e-01
1.000000000000000000e+00,2.000000000000000000e+00,3.000000000000000000e+00,1.000000000000000000e+00,5.205083051412880135e-02
2.000000000000000000e+00,2.000000000000000000e+00,7.000000000000000000e+00,0.000000000000000000e+00,7.518966540700618983e-01
2.000000000000000000e+00,2.000000000000000000e+00,6.000000000000000000e+00,0.000000000000000000e+00,7.568183579220885138e-01
2.000000000000000000e+00,1.000000000000000000e+00,7.000000000000000000e+00,0.000000000000000000e+00,9.330670999873291738e-01
2.000000000000000000e+00,1.000000000000000000e+00,7.000000000000000000e+00,0.000000000000000000e+00,9.574000567455867028e-01
2.000000000000000000e+00,1.000000000000000000e+00,5.000000000000000000e+00,1.000000000000000000e+00,4.547122404736742007e-01
2.000000000000000000e+00,1.000000000000000000e+00,7.000000000000000000e+00,1.000000000000000000e+00,4.194592222482265154e-01
2.000000000000000000e+00,1.000000000000000000e+00,3.000000000000000000e+00,1.000000000000000000e+00,1.065344866414060232e-01
2.000000000000000000e+00,2.000000000000000000e+00,5.000000000000000000e+00,1.000000000000000000e+00,7.421280340984080792e-02
2.000000000000000000e+00,2.000000000000000000e+00,2.000000000000000000e+00,1.000000000000000000e+00,2.523931342482594459e-02
2.000000000000000000e+00,1.000000000000000000e+00,4.000000000000000000e+00,1.000000000000000000e+00,1.034485918683132055e-01
2.000000000000000000e+00,2.000000000000000000e+00,2.000000000000000000e+00,1.000000000000000000e+00,1.276043649372429235e-02
2.000000000000000000e+00,2.000000000000000000e+00,5.000000000000000000e+00,0.000000000000000000e+00,9.567283084539834892e-01
2.000000000000000000e+00,1.000000000000000000e+00,4.000000000000000000e+00,1.000000000000000000e+00,9.764964927692091345e-01
2.000000000000000000e+00,2.000000000000000000e+00,5.000000000000000000e+00,0.000000000000000000e+00,9.957791378863092291e-01
2.000000000000000000e+00,1.000000000000000000e+00,5.000000000000000000e+00,0.000000000000000000e+00,9.918531173203225526e-01
2.000000000000000000e+00,2.000000000000000000e+00,6.000000000000000000e+00,0.000000000000000000e+00,4.799660968672759820e-01
2.000000000000000000e+00,2.000000000000000000e+00,3.000000000000000000e+00,1.000000000000000000e+00,3.049968819578297574e-01
2.000000000000000000e+00,1.000000000000000000e+00,8.000000000000000000e+00,0.000000000000000000e+00,2.439736801933269639e-01
2.000000000000000000e+00,1.000000000000000000e+00,1.000000000000000000e+00,1.000000000000000000e+00,9.367838506115759188e-04
2.000000000000000000e+00,2.000000000000000000e+00,4.000000000000000000e+00,1.000000000000000000e+00,3.492753160771883136e-01
2.000000000000000000e+00,2.000000000000000000e+00,4.000000000000000000e+00,1.000000000000000000e+00,1.293837982783628271e-01
2.000000000000000000e+00,1.000000000000000000e+00,7.000000000000000000e+00,0.000000000000000000e+00,6.793039522419047627e-01
2.000000000000000000e+00,2.000000000000000000e+00,6.000000000000000000e+00,1.000000000000000000e+00,8.493838421983980480e-02
2.000000000000000000e+00,2.000000000000000000e+00,9.000000000000000000e+00,0.000000000000000000e+00,9.074376292650356834e-01
2.000000000000000000e+00,1.000000000000000000e+00,4.000000000000000000e+00,1.000000000000000000e+00,8.795530026266359380e-01
2.000000000000000000e+00,2.000000000000000000e+00,8.000000000000000000e+00,0.000000000000000000e+00,9.967397768355227283e-01
2.000000000000000000e+00,2.000000000000000000e+00,7.000000000000000000e+00,0.000000000000000000e+00,9.868467143865727875e-01
2.000000000000000000e+00,1.000000000000000000e+00,7.000000000000000000e+00,0.000000000000000000e+00,6.380199396792021194e-01
2.000000000000000000e+00,2.000000000000000000e+00,3.000000000000000000e+00,1.000000000000000000e+00,1.642796537416358338e-01
2.000000000000000000e+00,1.000000000000000000e+00,3.000000000000000000e+00,1.000000000000000000e+00,2.141726414689824609e-01
2.000000000000000000e+00,1.000000000000000000e+00,6.000000000000000000e+00,0.000000000000000000e+00,2.519780399026746998e-01
2.000000000000000000e+00,2.000000000000000000e+00,5.000000000000000000e+00,1.000000000000000000e+00,4.971751555795880795e-01
2.000000000000000000e+00,2.000000000000000000e+00,7.000000000000000000e+00,0.000000000000000000e+00,3.217989671947166230e-01
2.000000000000000000e+00,2.000000000000000000e+00,8.000000000000000000e+00,0.000000000000000000e+00,8.362032267312033973e-01
2.000000000000000000e+00,1.000000000000000000e+00,2.000000000000000000e+00,1.000000000000000000e+00,2.547134332509942700e-01
2.000000000000000000e+00,2.000000000000000000e+00,4.000000000000000000e+00,1.000000000000000000e+00,5.247603784410957012e-02
2.000000000000000000e+00,1.000000000000000000e+00,6.000000000000000000e+00,0.000000000000000000e+00,4.134695212553099464e-01
2.000000000000000000e+00,2.000000000000000000e+00,6.000000000000000000e+00,1.000000000000000000e+00,9.131003785792400629e-02
2.000000000000000000e+00,2.000000000000000000e+00,2.000000000000000000e+00,1.000000000000000000e+00,3.409263762003186121e-02
2.000000000000000000e+00,1.000000000000000000e+00,4.000000000000000000e+00,0.000000000000000000e+00,8.352051228250951809e-01
