1.000000000000000000e+00,2.000000000000000000e+00,4.000000000000000000e+00,0.000000000000000000e+00,5.554866737110695230e-01
1.000000000000000000e+00,2.000000000000000000e+00,2.000000000000000000e+00,1.000000000000000000e+00,2.673276854003359126e-01
1.000000000000000000e+00,2.000000000000000000e+00,4.000000000000000000e+00,0.000000000000000000e+00,4.191614219895523075e-01
1.000000000000000000e+00,1.000000000000000000e+00,5.000000000000000000e+00,1.000000000000000000e+00,2.668370237505801046e-01
1.000000000000000000e+00,2.000000000000000000e+00,6.000000000000000000e+00,0.000000000000000000e+00,8.564272399520593826e-01
1.000000000000000000e+00,2.000000000000000000e+00,3.000000000000000000e+00,0.000000000000000000e+00,5.706422181717827335e-01
1.000000000000000000e+00,2.000000000000000000e+00,6.000000000000000000e+00,0.000000000000000000e+00,2.683994478364514213e-01
1.000000000000000000e+00,2.000000000000000000e+00,5.000000000000000000e+00,0.000000000000000000e+00,2.014345872438818574e-01
1.000000000000000000e+00,2.000000000000000000e+00,2.000000000000000000e+00,nan,1.014276586455685469e-01
1.000000000000000000e+00,2.000000000000000000e+00,5.000000000000000000e+00,1.000000000000000000e+00,2.054940844661567179e-01
1.000000000000000000e+00,2.000000000000000000e+00,4.000000000000000000e+00,0.000000000000000000e+00,8.991931943684642325e-01
1.000000000000000000e+00,1.000000000000000000e+00,5.000000000000000000e+00,0.000000000000000000e+00,9.737565978265225741e-01
1.000000000000000000e+00,2.000000000000000000e+00,1.000000000000000000e+00,1.000000000000000000e+00,5.212836442695764801e-04
1.000000000000000000e+00,1.000000000000000000e+00,6.000000000000000000e+00,0.000000000000000000e+00,9.744818245623394493e-01
1.000000000000000000e+00,2.000000000000000000e+00,5.000000000000000000e+00,0.000000000000000000e+00,7.385508231086620468e-01
1.000000000000000000e+00,1.000000000000000000e+00,1.000000000000000000e+00,1.000000000000000000e+00,1.011178495205594663e-02
1.000000000000000000e+00,1.000000000000000000e+00,7.000000000000000000e+00,0.000000000000000000e+00,3.601824568453586284e-02
1.000000000000000000e+00,1.000000000000000000e+00,4.000000000000000000e+00,0.000000000000000000e+00,1.352611749513401018e-01
1.000000000000000000e+00,1.000000000000000000e+00,7.000000000000000000e+00,0.000000000000000000e+00,7.486424502002059223e-01
1.000000000000000000e+00,1.000000000000000000e+00,5.000000000000000000e+00,nan,7.979266721836851817e-01
1.000000000000000000e+00,2.000000000000000000e+00,7.000000000000000000e+00,0.000000000000000000e+00,7.240341688968755518e-01
1.000000000000000000e+00,2.000000000000000000e+00,4.000000000000000000e+00,0.000000000000000000e+00,8.886662812214890517e-01
1.000000000000000000e+00,2.000000000000000000e+00,4.000000000000000000e+00,0.000000000000000000e+00,7.269418850631852447e-01
1.000000000000000000e+00,2.000000000000000000e+00,5.000000000000000000e+00,0.000000000000000000e+00,8.609717514817396555e-01
1.000000000000000000e+00,1.000000000000000000e+00,5.000000000000000000e+00,0.000000000000000000e+00,7.591006433809553977e-01
1.000000000000000000e+00,2.000000000000000000e+00,5.000000000000000000e+00,0.000000000000000000e+00,7.144177686971288077e-01
1.000000000000000000e+00,1.000000000000000000e+00,8.000000000000000000e+00,0.000000000000000000e+00,7.989608015580340616e-01
1.000000000000000000e+00,2.000000000000000000e+00,5.000000000000000000e+00,0.000000000000000000e+00,4.611237236957189123e-01
1.000000000000000000e+00,1.000000000000000000e+00,8.000000000000000000e+00,0.000000000000000000e+00,3.249619143273581034e-01
1.000000000000000000e+00,2.000000000000000000e+00,6.000000000000000000e+00,0.000000000000000000e+00,7.108055842014363579e-01
1.000000000000000000e+00,1.000000000000000000e+00,3.000000000000000000e+00,1.000000000000000000e+00,4.279974664033229792e-01
1.000000000000000000e+00,1.000000000000000000e+00,7.000000000000000000e+00,0.000000000000000000e+00,9.935156412233652201e-01
1.000000000000000000e+00,2.000000000000000000e+00,6.000000000000000000e+00,0.000000000000000000e+00,3.645054733402846581e-01
1.000000000000000000e+00,1.000000000000000000e+00,2.000000000000000000e+00,1.000000000000000000e+00,3.889019901977436820e-03
1.000000000000000000e+00,2.000000000000000000e+00,7.000000000000000000e+00,0.000000000000000000e+00,1.669078437349197641e-01
1.000000000000000000e+00,2.000000000000000000e+00,8.000000000000000000e+00,0.000000000000000000e+00,5.080131143853411357e-01
1.000000000000000000e+00,2.000000000000000000e+00,8.000000000000000000e+00,0.000000000000000000e+00,4.229612398466763706e-02
1.000000000000000000e+00,1.000000000000000000e+00,4.000000000000000000e+00,0.000000000000000000e+00,7.115633220485256816e-01
1.000000000000000000e+00,1.000000000000000000e+00,5.000000000000000000e+00,0.000000000000000000e+00,8.717767441303525544e-01
1.000000000000000000e+00,1.000000000000000000e+00,6.000000000000000000e+00,0.000000000000000000e+00,9.857566007904585703e-01
2.000000000000000000e+00,2.000000000000000000e+00,7.000000000000000000e+00,0.000000000000000000e+00,8.958479635014358899e-03
2.000000000000000000e+00,2.000000000000000000e+00,8.000000000000000000e+00,0.000000000000000000e+00,9.878007524584329069e-01
2.000000000000000000e+00,2.000000000000000000e+00,5.000000000000000000e+00,1.000000000000000000e+00,4.833126711540162712e-01
2.000000000000000000e+00,1.000000000000000000e+00,5.000000000000000000e+00,0.000000000000000000e+00,2.983801053611766507e-01
2.000000000000000000e+00,1.000000000000000000e+00,3.000000000000000000e+00,1.000000000000000000e+00,6.437994232054478072e-02
2.000000000000000000e+00,2.000000000000000000e+00,3.000000000000000000e+00,1.000000000000000000e+00,2.134441345758500419e-02
2.000000000000000000e+00,2.000000000000000000e+00,4.000000000000000000e+00,0.000000000000000000e+00,7.298784051814291574e-02
2.000000000000000000e+00,2.000000000000000000e+00,4.000000000000000000e+00,nan,4.499559259545494183e-01
2.000000000000000000e+00,1.000000000000000000e+00,4.000000000000000000e+00,0.000000000000000000e+00,6.841257836780926249e-01
2.000000000000000000e+00,2.000000000000000000e+00,5.000000000000000000e+00,1.000000000000000000e+00,8.947122124682461708e-01
2.000000000000000000e+00,1.000000000000000000e+00,5.000000000000000000e+00,0.000000000000000000e+00,9.549460422832616313e-01
2.000000000000000000e+00,2.000000000000000000e+00,7.000000000000000000e+00,0.000000000000000000e+00,5.307019847625370490e-01
2.000000000000000000e+00,2.000000000000000000e+00,6.000000000000000000e+00,0.000000000000000000e+00,6.403209438293296918e-01
2.000000000000000000e+00,2.000000000000000000e+00,1.000000000000000000e+00,1.000000000000000000e+00,1.349160654293778952e-03
2.000000000000000000e+00,1.000000000000000000e+00,4.000000000000000000e+00,0.000000000000000000e+00,9.392949144014614005e-01
2.000000000000000000e+00,1.000000000000000000e+00,4.000000000000000000e+00,0.000000000000000000e+00,9.890199956433591844e-01
2.000000000000000000e+00,2.000000000000000000e+00,5.000000000000000000e+00,0.000000000000000000e+00,6.260895509386109614e-01
2.000000000000000000e+00,1.000000000000000000e+00,7.000000000000000000e+00,0.000000000000000000e+00,9.970278111826025302e-01
2.000000000000000000e+00,2.000000000000000000e+00,8.000000000000000000e+00,0.000000000000000000e+00,9.617503283854080820e-01
2.000000000000000000e+00,1.000000000000000000e+00,6.000000000000000000e+00,0.000000000000000000e+00,1.209551374288440895e-01
2.000000000000000000e+00,1.000000000000000000e+00,7.000000000000000000e+00,0.000000000000000000e+00,7.050946174297269275e-02
2.000000000000000000e+00,1.000000000000000000e+00,2.000000000000000000e+00,1.000000000000000000e+00,2.124116974268517866e-01
2.000000000000000000e+00,1.000000000000000000e+00,6.000000000000000000e+00,0.000000000000000000e+00,9.258255334226628275e-01
2.000000000000000000e+00,1.000000000000000000e+00,2.000000000000000000e+00,1.000000000000000000e+00,8.386996714611528667e-03
2.000000000000000000e+00,1.000000000000000000e+00,2.000000000000000000e+00,1.000000000000000000e+00,2.685779028657898637e-01
2.000000000000000000e+00,2.000000000000000000e+00,7.000000000000000000e+00,0.000000000000000000e+00,9.547503783434557745e-01
2.000000000000000000e+00,1.000000000000000000e+00,9.000000000000000000e+00,0.000000000000000000e+00,9.982366471313987022e-01
2.000000000000000000e+00,2.000000000000000000e+00,3.000000000000000000e+00,1.000000000000000000e+00,4.259602661994476014e-01
2.000000000000000000e+00,2.000000000000000000e+00,5.000000000000000000e+00,1.000000000000000000e+00,4.364557112471397216e-01
2.000000000000000000e+00,2.000000000000000000e+00,3.000000000000000000e+00,1.000000000000000000e+00,5.038126696736263538e-02
2.000000000000000000e+00,1.000000000000000000e+00,5.000000000000000000e+00,0.000000000000000000e+00,7.101104771077993566e-03
2.000000000000000000e+00,1.000000000000000000e+00,6.000000000000000000e+00,0.000000000000000000e+00,8.409388339365702070e-01
2.000000000000000000e+00,1.000000000000000000e+00,6.000000000000000000e+00,0.000000000000000000e+00,4.624943862602776679e-01
2.000000000000000000e+00,1.000000000000000000e+00,4.000000000000000000e+00,0.000000000000000000e+00,3.175774317763767618e-01
2.000000000000000000e+00,2.000000000000000000e+00,7.000000000000000000e+00,1.000000000000000000e+00,4.212361715131399120e-01
2.000000000000000000e+00,2.000000000000000000e+00,2.000000000000000000e+00,1.000000000000000000e+00,8.765325617701626854e-03
2.000000000000000000e+00,2.000000000000000000e+00,4.000000000000000000e+00,1.000000000000000000e+00,9.234833070466461624e-01
2.000000000000000000e+00,1.000000000000000000e+00,1.000000000000000000e+00,1.000000000000000000e+00,1.753524179698232877e-01
2.000000000000000000e+00,2.000000000000000000e+00,5.000000000000000000e+00,0.000000000000000000e+00,9.754651323002512253e-01
2.000000000000000000e+00,1.000000000000000000e+00,8.000000000000000000e+00,0.000000000000000000e+00,8.115153865727360305e-01
1.000000000000000000e+00,2.000000000000000000e+00,7.000000000000000000e+00,0.000000000000000000e+00,7.341102250441376986e-01
1.000000000000000000e+00,1.000000000000000000e+00,6.000000000000000000e+00,0.000000000000000000e+00,7.624049508885650805e-01
1.000000000000000000e+00,1.000000000000000000e+00,9.000000000000000000e+00,0.000000000000000000e+00,9.530299256308626399e-01
1.000000000000000000e+00,2.000000000000000000e+00,3.000000000000000000e+00,1.000000000000000000e+00,8.142611315619220358e-01
1.000000000000000000e+00,2.000000000000000000e+00,7.000000000000000000e+00,0.000000000000000000e+00,9.217229140587921421e-01
1.000000000000000000e+00,1.000000000000000000e+00,7.000000000000000000e+00,0.000000000000000000e+00,4.173378096050361363e-01
1.000000000000000000e+00,1.000000000000000000e+00,5.000000000000000000e+00,1.000000000000000000e+00,4.560078592413728815e-01
1.000000000000000000e+00,2.000000000000000000e+00,3.000000000000000000e+00,0.000000000000000000e+00,7.505264384096200780e-01
1.000000000000000000e+00,2.000000000000000000e+00,5.000000000000000000e+00,0.000000000000000000e+00,2.509001876062863599e-03
1.000000000000000000e+00,2.000000000000000000e+00,9.000000000000000000e+00,0.000000000000000000e+00,8.692219209132623359e-01
1.000000000000000000e+00,1.000000000000000000e+00,2.000000000000000000e+00,1.000000000000000000e+00,4.587739650306584590e-04
1.000000000000000000e+00,2.000000000000000000e+00,6.000000000000000000e+00,0.000000000000000000e+00,1.292692083367724398e-01
1.000000000000000000e+00,2.000000000000000000e+00,6.000000000000000000e+00,0.000000000000000000e+00,2.502672274283501697e-01
1.000000000000000000e+00,2.000000000000000000e+00,7.000000000000000000e+00,0.000000000000000000e+00,6.122406993882484327e-01
1.000000000000000000e+00,1.000000000000000000e+00,4.000000000000000000e+00,0.000000000000000000e+00,4.730880086576285531e-02
1.000000000000000000e+00,1.000000000000000000e+00,8.000000000000000000e+00,0.000000000000000000e+00,1.599440826191838583e-01
1.000000000000000000e+00,1.000000000000000000e+00,3.000000000000000000e+00,1.000000000000000000e+00,9.840439626942588669e-01
1.000000000000000000e+00,1.000000000000000000e+00,2.000000000000000000e+00,1.000000000000000000e+00,8.139996579453421255e-01
1.000000000000000000e+00,1.000000000000000000e+00,5.000000000000000000e+00,0.000000000000000000e+00,1.254309670905390250e-02
1.000000000000000000e+00,2.000000000000000000e+00,3.000000000000000000e+00,1.000000000000000000e+00,9.999291353209999178e-01
1.000000000000000000e+00,2.000000000000000000e+00,3.000000000000000000e+00,1.000000000000000000e+00,5.210239358053520009e-02
1.000000000000000000e+00,2.000000000000000000e+00,2.000000000000000000e+00,1.000000000000000000e+00,9.768022849934895335e-01
1.000000000000000000e+00,2.000000000000000000e+00,4.000000000000000000e+00,1.000000000000000000e+00,9.465946270619947089e-01
1.000000000000000000e+00,1.000000000000000000e+00,3.000000000000000000e+00,1.000000000000000000e+00,7.136485249394968200e-01
1.000000000000000000e+00,2.000000000000000000e+00,5.000000000000000000e+00,0.000000000000000000e+00,8.626222504162239790e-01
1.000000000000000000e+00,2.000000000000000000e+00,8.000000000000000000e+00,0.000000000000000000e+00,6.758479152521297550e-02
1.000000000000000000e+00,1.000000000000000000e+00,3.000000000000000000e+00,1.000000000000000000e+00,7.321906308043512057e-01
1.000000000000000000e+00,2.000000000000000000e+00,6.000000000000000000e+00,0.000000000000000000e+00,4.757840249256166110e-01
1.000000000000000000e+00,1.000000000000000000e+00,4.000000000000000000e+00,1.000000000000000000e+00,9.914930976567337684e-02
1.000000000000000000e+00,1.000000000000000000e+00,6.000000000000000000e+00,0.000000000000000000e+00,4.473357586551342524e-01
1.000000000000000000e+00,1.000000000000000000e+00,3.000000000000000000e+00,1.000000000000000000e+00,8.170477573665858584e-01
1.000000000000000000e+00,1.000000000000000000e+00,4.000000000000000000e+00,1.000000000000000000e+00,2.945598814206296448e-02
1.000000000000000000e+00,2.000000000000000000e+00,4.000000000000000000e+00,0.000000000000000000e+00,9.946171436232832397e-01
1.000000000000000000e+00,1.000000000000000000e+00,5.000000000000000000e+00,1.000000000000000000e+00,2.801544335293431817e-02
1.000000000000000000e+00,1.000000000000000000e+00,6.000000000000000000e+00,0.000000000000000000e+00,8.607610517639119330e-01
1.000000000000000000e+00,1.000000000000000000e+00,4.000000000000000000e+00,1.000000000000000000e+00,2.053213997329740026e-01
1.000000000000000000e+00,1.000000000000000000e+00,4.000000000000000000e+00,1.000000000000000000e+00,3.727556557872215293e-01
1.000000000000000000e+00,1.000000000000000000e+00,6.000000000000000000e+00,1.000000000000000000e+00,1.680265558321451802e-01
1.000000000000000000e+00,1.000000000000000000e+00,7.000000000000000000e+00,0.000000000000000000e+00,1.429231575038071578e-01
1.000000000000000000e+00,1.000000000000000000e+00,6.000000000000000000e+00,0.000000000000000000e+00,4.778706396776792875e-01
2.000000000000000000e+00,2.000000000000000000e+00,2.000000000000000000e+00,1.000000000000000000e+00,6.537527585881285352e-01
2.000000000000000000e+00,2.000000000000000000e+00,7.000000000000000000e+00,0.000000000000000000e+00,2.892709267249706784e-01
2.000000000000000000e+00,1.000000000000000000e+00,3.000000000000000000e+00,0.000000000000000000e+00,8.710361143937064288e-01
2.000000000000000000e+00,2.000000000000000000e+00,9.000000000000000000e+00,0.000000000000000000e+00,5.438624201789755697e-01
2.000000000000000000e+00,2.000000000000000000e+00,4.000000000000000000e+00,1.000000000000000000e+00,6.924188929239879498e-01
2.000000000000000000e+00,2.000000000000000000e+00,3.000000000000000000e+00,1.000000000000000000e+00,2.417362047810397725e-03
2.000000000000000000e+00,1.000000000000000000e+00,3.000000000000000000e+00,0.000000000000000000e+00,1.360443284107525352e-01
2.000000000000000000e+00,2.000000000000000000e+00,4.000000000000000000e+00,1.000000000000000000e+00,6.860745772951837296e-01
2.000000000000000000e+00,2.000000000000000000e+00,4.000000000000000000e+00,1.000000000000000000e+00,9.969072468735499237e-01
2.000000000000000000e+00,2.000000000000000000e+00,6.000000000000000000e+00,0.000000000000000000e+00,9.992379140754704681e-01
2.000000000000000000e+00,2.000000000000000000e+00,5.000000000000000000e+00,1.000000000000000000e+00,9.833555591983309530e-01
2.000000000000000000e+00,1.000000000000000000e+00,3.000000000000000000e+00,0.000000000000000000e+00,9.966474176155809550e-01
2.000000000000000000e+00,1.000000000000000000e+00,5.000000000000000000e+00,0.000000000000000000e+00,5.065826633814999314e-01
2.000000000000000000e+00,1.000000000000000000e+00,8.000000000000000000e+00,0.000000000000000000e+00,8.720001427292224383e-01
2.000000000000000000e+00,1.000000000000000000e+00,4.000000000000000000e+00,0.000000000000000000e+00,1.241864068958672129e-01
2.000000000000000000e+00,1.000000000000000000e+00,5.000000000000000000e+00,0.000000000000000000e+00,6.349146206247943125e-01
2.000000000000000000e+00,1.000000000000000000e+00,5.000000000000000000e+00,0.000000000000000000e+00,1.354393836875598112e-01
2.000000000000000000e+00,1.000000000000000000e+00,3.000000000000000000e+00,0.000000000000000000e+00,5.101194336358118031e-01
2.000000000000000000e+00,1.000000000000000000e+00,6.000000000000000000e+00,0.000000000000000000e+00,8.950093754392039747e-02
2.000000000000000000e+00,2.000000000000000000e+00,6.000000000000000000e+00,0.000000000000000000e+00,3.423128422514908342e-01
2.000000000000000000e+00,2.000000000000000000e+00,2.000000000000000000e+00,1.000000000000000000e+00,3.588864446001385766e-02
2.000000000000000000e+00,1.000000000000000000e+00,6.000000000000000000e+00,0.000000000000000000e+00,1.609094302563025269e-01
2.000000000000000000e+00,1.000000000000000000e+00,6.000000000000000000e+00,0.000000000000000000e+00,8.840142221297730973e-01
2.000000000000000000e+00,2.000000000000000000e+00,5.000000000000000000e+00,1.000000000000000000e+00,4.276093647584913171e-01
2.000000000000000000e+00,1.000000000000000000e+00,5.000000000000000000e+00,0.000000000000000000e+00,9.441066213329292189e-01
2.000000000000000000e+00,2.000000000000000000e+00,8.000000000000000000e+00,0.000000000000000000e+00,7.304225812086909686e-01
2.000000000000000000e+00,1.000000000000000000e+00,7.000000000000000000e+00,0.000000000000000000e+00,5.092315667535388668e-01
2.000000000000000000e+00,2.000000000000000000e+00,6.000000000000000000e+00,0.000000000000000000e+00,5.311927905654442172e-01
2.000000000000000000e+00,1.000000000000000000e+00,4.000000000000000000e+00,0.000000000000000000e+00,5.565667157622105066e-01
2.000000000000000000e+00,2.000000000000000000e+00,3.000000000000000000e+00,1.000000000000000000e+00,1.087302145044994062e-01
2.000000000000000000e+00,1.000000000000000000e+00,7.000000000000000000e+00,0.000000000000000000e+00,9.315294523476485011e-01
2.000000000000000000e+00,2.000000000000000000e+00,6.000000000000000000e+00,0.000000000000000000e+00,9.050300967112011596e-01
2.000000000000000000e+00,2.000000000000000000e+00,6.000000000000000000e+00,1.000000000000000000e+00,4.887717287971294344e-01
2.000000000000000000e+00,1.000000000000000000e+00,5.000000000000000000e+00,0.000000000000000000e+00,1.309153319110006181e-03
2.000000000000000000e+00,2.000000000000000000e+00,5.000000000000000000e+00,0.000000000000000000e+00,1.495821423026096886e-01
2.000000000000000000e+00,2.000000000000000000e+00,4.000000000000000000e+00,1.000000000000000000e+00,6.593307603182466939e-04
2.000000000000000000e+00,2.000000000000000000e+00,6.000000000000000000e+00,0.000000000000000000e+00,6.802812660303113601e-01
2.000000000000000000e+00,1.000000000000000000e+00,8.000000000000000000e+00,0.000000000000000000e+00,9.219711675276224261e-01
2.000000000000000000e+00,1.000000000000000000e+00,7.000000000000000000e+00,0.000000000000000000e+00,1.905648804665525109e-01
2.000000000000000000e+00,1.000000000000000000e+00,4.000000000000000000e+00,0.000000000000000000e+00,2.109750763185741160e-02
